query,reference_answer
How do I configure a trunk port on a Cisco switch?,"To configure a trunk port on a Cisco switch, enter global configuration mode and access the desired interface:

interface GigabitEthernet0/1
 switchport mode trunk
 switchport trunk allowed vlan all  (not recommended; it's best to restrict to only required VLANs)

This sets the port to operate in trunk mode, allowing all VLANs by default. In real-world scenarios, it's best practice to explicitly specify only the required VLANs to reduce unnecessary broadcast traffic:

switchport trunk allowed vlan 10,20,30

You can verify the trunking status using 'show interfaces trunk'. After configuration, always save the settings with 'write memory' to ensure persistence after reboot."
What is MSTP and how is it different from RSTP?,"MSTP (Multiple Spanning Tree Protocol) enhances network efficiency by allowing multiple VLANs to share a single spanning tree instance, reducing CPU and memory load on switches. You define a mapping of VLANs to MST instances in a region-wide configuration.

In contrast, RSTP (Rapid Spanning Tree Protocol) is a faster version of STP but treats each VLAN separately when used in PVST+ environments. MSTP supports backward compatibility with RSTP and STP on legacy links and improves scalability in large Layer 2 networks with hundreds of VLANs by reducing the number of active spanning tree instances."
How do I configure DHCP snooping on an Aruba switch?,"DHCP snooping is a security feature that prevents rogue DHCP servers from assigning IP addresses. On Aruba switches (AOS-S or AOS-CX), configuration generally includes the following steps:

dhcp-snooping
 dhcp-snooping vlan 10
 dhcp-snooping trust <uplink-port>

Enable DHCP snooping globally, specify the VLANs where it should apply, and mark trusted interfaces—typically uplinks to your DHCP server or core switch. All other ports are untrusted by default and will drop unauthorized DHCP offers. Use 'show dhcp-snooping' to verify the configuration and ensure the binding table is being built correctly."
What is the function of port security on switches?,"Port security allows administrators to control which devices can access a network through a specific switch port. It does this by limiting the number of MAC addresses that can be dynamically or statically learned. For example:

switchport port-security
switchport port-security maximum 2
switchport port-security violation shutdown
switchport port-security mac-address sticky

This setup allows two MAC addresses per port, shuts the port on violations, and dynamically learns MACs using the “sticky” method. Port security is crucial in access-layer switches to prevent MAC spoofing, reduce attack surfaces, and enforce endpoint accountability."
How can I check why an access point is showing as 'Alerting' in Meraki Dashboard?,"In Meraki Dashboard, go to Wireless > Access Points, click on the affected AP, and review the Connectivity and Event Log tabs. Common alert reasons include:
- Ethernet link down or negotiation issues
- DHCP failure (no IP assigned)
- Loss of cloud connectivity (due to firewall, DNS, or ISP issues)
- Low power due to insufficient PoE budget

Additionally, run the “Live Tools” (ping, traceroute, throughput) directly from the dashboard to diagnose in real time. Alerts can also be tied to firmware compatibility or environmental conditions like high temperature. Consistent alerting often indicates a deeper network design or power issue."
How do I configure inter-VLAN routing on a Layer 3 switch?,"Inter-VLAN routing allows traffic to move between VLANs on a Layer 3 switch without needing an external router. To configure:

1. Define VLANs and assign them to access ports:
vlan 10
 name Users
interface range gig0/1-10
 switchport mode access
 switchport access vlan 10

2. Create SVIs (Switched Virtual Interfaces) for each VLAN:
interface vlan 10
 ip address 192.168.10.1 255.255.255.0
 no shutdown

3. Enable routing:
ip routing

Each SVI acts as the default gateway for its VLAN. Devices must have the correct gateway and VLAN assignment. You can verify routing with 'show ip route' and test connectivity with 'ping'."
What does it mean if a port is in 'err-disabled' state on a Cisco switch?,"A port in 'err-disabled' state has been shut down automatically by the switch due to a policy violation. Common triggers include:
- Port security violation (unknown MAC)
- BPDU Guard detecting an unexpected BPDU
- Loop guard or UDLD
- Link flapping or excessive errors

Check the reason using:
show interfaces status err-disabled
show errdisable recovery

To recover manually:
interface gig0/3
 shutdown
 no shutdown

Or enable auto-recovery for specific causes with 'errdisable recovery cause <feature>'. Always investigate and resolve the root issue before re-enabling the port."
How do I back up and restore configuration on an Aruba switch?,"For AOS-Switch (legacy), use:
copy running-config tftp <TFTP server IP> <filename>
copy tftp <TFTP server IP> <filename> running-config

For AOS-CX switches, use REST API, SCP, or USB. Example for SCP:
copy running-config scp://admin@192.168.1.10/configs/backup.cfg vrf mgmt

After restoring a config, verify with 'show running-config', and apply 'write memory' to save it permanently. You can also automate backups using Aruba Central or scripts."
What is the role of SNMP in network devices?,"SNMP (Simple Network Management Protocol) enables centralized monitoring and management of network infrastructure. It operates using agents on devices and a central NMS (Network Management System). Devices expose metrics through MIBs (Management Information Bases), which are queried by SNMP GET requests.

Administrators can monitor:
- Interface status and errors
- Device temperature and CPU
- VLAN and traffic stats
- Traps for events like link-down or power loss

SNMP v3 adds encryption and authentication for security. It remains widely used for inventory, monitoring dashboards, and alert systems like Nagios or Zabbix."
How does Meraki handle firmware updates for switches?,"Meraki provides automatic, cloud-managed firmware updates for all hardware, including switches. Updates can be scheduled under Organization > Firmware Upgrades, where you can choose between stable, beta, or release candidate builds.

Devices check for firmware at regular intervals and download updates securely. During scheduled windows, switches reboot to apply the update, which causes a short downtime. Meraki also sends notification emails before the window. You can delay or reschedule if needed. This cloud-based model simplifies compliance and keeps networks secure without requiring CLI commands or manual uploads."
How do I configure static routing on a Cisco Layer 3 switch?,"To configure static routing on a Cisco Layer 3 switch, you first need to ensure IP routing is enabled globally:

ip routing

Then define a static route with:

ip route <destination network> <subnet mask> <next hop IP>

For example:

ip route 10.20.0.0 255.255.255.0 192.168.1.1

This tells the switch to send traffic destined for the 10.20.0.0/24 network to the next hop at 192.168.1.1. Use 'show ip route' to confirm the route is in the routing table."
What is the purpose of Access Control Lists (ACLs) on switches and routers?,"ACLs are used to filter network traffic by permitting or denying packets based on criteria like source IP, destination IP, protocol, or port number. They enhance security by restricting access to sensitive resources or controlling traffic flow.

For example, a standard ACL on a Cisco router might look like:
access-list 10 deny 192.168.1.0 0.0.0.255
access-list 10 permit any

And applied on an interface:
interface GigabitEthernet0/1
 ip access-group 10 in

ACLs can be used to block specific hosts, limit access to management interfaces, or enforce security zones.

Note: Standard ACLs match only source IPs. For better control, extended ACLs are preferred in most security use cases."
How can I view system logs on an Aruba switch?,"On Aruba switches, logs can be accessed using the 'show logging' command. This displays system events such as interface status changes, login attempts, configuration changes, and protocol errors.

For more persistent logging or external monitoring, you can configure a syslog server:
logging <syslog-server-ip>

You can also filter logs by severity or module. On AOS-CX models, use:
show events

Regular log monitoring helps with troubleshooting and auditing."
How do Meraki MR access points determine the best channel and transmit power?,"Meraki MR access points use a feature called Auto RF to dynamically choose the best channel and transmit power based on:
- RF congestion (channel utilization)
- Neighboring AP interference
- Client signal strength
- Environmental noise

The APs continuously scan the RF environment and adjust parameters periodically, based on network conditions. Changes are coordinated by Meraki cloud algorithms to avoid co-channel interference and optimize performance across the deployment. Admins can override these settings manually in the dashboard if needed."
What is a DHCP IP conflict and how is it handled by network devices?,"A DHCP IP conflict occurs when two devices on the same network are assigned or configured with the same IP address. This causes communication issues and ARP instability.

Some DHCP servers use conflict detection by sending ICMP echo requests (ping) to the address before assigning it. If a response is received, the IP is marked as in-use and not assigned.

On Cisco and Aruba devices, you can enable DHCP conflict logging and verify with commands like 'show ip dhcp conflict'. Static IPs outside the DHCP pool and careful lease management help reduce conflict risks."
How do I configure NAT on a Cisco router?,"To configure NAT (Network Address Translation) on a Cisco router for internet access:

1. Define inside and outside interfaces:
interface GigabitEthernet0/0
 ip address 192.168.1.1 255.255.255.0
 ip nat inside

interface GigabitEthernet0/1
 ip address 203.0.113.1 (your ISP-assigned public IP) <mask>
 ip nat outside

2. Create a NAT rule:
access-list 1 permit 192.168.1.0 0.0.0.255
ip nat inside source list 1 interface GigabitEthernet0/1 overload

This setup uses PAT (Port Address Translation) to allow multiple internal devices to share one public IP."
What is EtherChannel and how do I configure it on Cisco switches?,"EtherChannel is a technology that bundles multiple physical links into a single logical link, increasing bandwidth and providing redundancy.

To configure static EtherChannel (mode “on”) between two Cisco switches:
interface range GigabitEthernet0/1 - 2
 channel-group 1 mode on

Then configure the logical port-channel interface:
interface Port-channel1
 switchport mode trunk

Verify using 'show etherchannel summary'. Ensure both ends have identical configurations, or the bundle may not form properly."
How do I enable SNMP on an Aruba switch and restrict access?,"To enable SNMP on Aruba AOS-S switches:
snmp-server community public ro
snmp-server community private rw

To restrict access to specific IPs:
snmp-server host 192.168.1.100 community public
snmp-server community public ro 192.168.1.0 255.255.255.0

For enhanced security, use SNMPv3, which supports authentication and encryption:
snmpv3 enable
snmpv3 user admin auth md5 password priv aes password

Restricting access by subnet and using v3 helps protect against unauthorized monitoring.

To complete SNMPv3 configuration, you'll also need to define SNMPv3 groups, views, and assign access permissions."
What is ARP and how can it help troubleshoot connectivity?,"ARP (Address Resolution Protocol) maps IP addresses to MAC addresses on a local network. It is essential for Layer 2 communication.

You can view the ARP table on a Cisco switch with:
show ip arp

If a device cannot reach another on the same subnet, check the ARP table to ensure the correct MAC address is associated with the IP. An incomplete or missing entry may indicate the device is offline, not responding, or a switchport issue.

Flushing the ARP cache ('clear arp-cache') or rechecking interface connectivity often helps resolve ARP-related problems."
How do I assign static IPs to devices in Meraki Dashboard?,"In Meraki Dashboard, go to Clients > Client List, click on the desired client, and scroll to the “Policy” section.

Set the client to a Group Policy or assign a static IP by binding it to a specific MAC address. You can also go to Wireless > Access Control and define static IP assignments using DHCP reservations.

Alternatively, if using Layer 3 switching on MX appliances, use Security & SD-WAN > DHCP to assign reserved IPs. This helps manage IPs consistently without needing manual static IP configuration on the endpoint itself."
What is VLAN tagging and how does it work on trunk ports?,"VLAN tagging is the process of adding an identifier (tag) to Ethernet frames to indicate the VLAN a frame belongs to. This is essential on trunk ports, which carry traffic for multiple VLANs.

The tagging uses IEEE 802.1Q headers, which insert a 4-byte tag into the Ethernet frame. The tag contains the VLAN ID (ranging from 1 to 4094). When a switch receives a tagged frame on a trunk port, it knows how to route it internally based on the VLAN ID. Untagged frames on a trunk port are associated with the native VLAN, which is typically VLAN 1 unless configured otherwise:

switchport trunk native vlan 99

This means traffic for VLAN 99 will be sent untagged."
Why would a switch port constantly go up and down?,"If a switch port is flapping (going up and down repeatedly), it usually indicates a physical or Layer 1 issue. Common causes include:
- Faulty Ethernet cables or connectors
- Loose transceivers (SFPs)
- Power-saving features like Energy Efficient Ethernet
- Mismatched duplex settings
- Looping or unstable connected device

Check the port log using:
show interfaces status err-disabled
show log

You may also see %LINK-3-UPDOWN events in logs. Replacing the cable, disabling power-saving, or locking down speed/duplex manually can help isolate the issue."
How does spanning tree determine which switch becomes the root bridge?,"Spanning Tree Protocol (STP) elects a root bridge based on Bridge ID, which is a combination of bridge priority and MAC address. The switch with the lowest Bridge ID becomes the root.

By default, all switches have a priority of 32768. If multiple switches have the same priority, the one with the lowest MAC address wins. You can manually influence this by setting a lower priority:

spanning-tree vlan 1 priority 4096

The root bridge becomes the focal point of the spanning tree topology, and all switches calculate the shortest path to it to prevent loops."
How do I assign a static IPv6 address to a device on a Cisco switch?,"To assign a static IPv6 address to a device (such as an SVI or physical interface) on a Cisco switch:

interface vlan 10
 ipv6 address 2001:db8:10::1/64
 no shutdown

Make sure IPv6 routing is enabled:
ipv6 unicast-routing

This sets the IPv6 address manually, bypassing SLAAC or DHCPv6. You can verify it with:
show ipv6 interface vlan 10

IPv6 addresses are in hexadecimal format and are written in eight 16-bit blocks separated by colons."
What causes high latency or poor performance for wireless users?,"High latency or degraded performance for wireless users can be caused by multiple overlapping issues:
- Channel interference from neighboring APs or devices
- Signal attenuation due to walls, metal objects, or distance
- Band steering misconfiguration
- Excessive number of clients per AP
- Low RSSI (Received Signal Strength Indicator)
- AP overloading or misconfigured QoS

Use site surveys and tools like Meraki’s RF Spectrum to identify RF noise. Solutions include optimizing AP placement, separating SSIDs by purpose, and enabling load balancing or minimum RSSI thresholds to offload weak connections."
How do I navigate and edit configuration files in Cisco CLI?,"Cisco IOS CLI is command-line based and supports context-sensitive navigation. To edit configurations, enter global config mode:
configure terminal

From there, navigate into interface or line-specific contexts:
interface GigabitEthernet0/1

You can exit to previous levels using 'exit' and view context help with '?'.

To save changes:
write memory

To review the current configuration:
show running-config

And to rollback:
configure replace flash:backup-config

Always be cautious before writing memory on production devices."
What is MTU and why does it matter in network performance?,"MTU (Maximum Transmission Unit) defines the largest packet size (in bytes) that can be transmitted without fragmentation. For Ethernet, the default MTU is 1500 bytes.

Issues arise when a device sends packets larger than the MTU of the next-hop device, causing fragmentation or packet drops — especially problematic for VPNs, GRE tunnels, or Jumbo frames in data centers.

You can verify and set MTU on a Cisco interface:
show interface <name> | include MTU
mtu 9000

Adjusting MTU is crucial in optimizing performance and preventing hidden connectivity issues."
How can I back up switch configurations to the cloud or external service?,"Cloud-managed devices like Meraki automatically back up configurations to the cloud, with version history and rollback options available in the dashboard.

For non-cloud switches, you can automate backups to:
- TFTP/SCP servers
- SFTP storage (on newer Aruba/Cisco platforms)
- Configuration management tools like Ansible or RANCID

Example for a Cisco switch:
copy running-config scp://admin@192.168.1.100/backup.cfg

For long-term config hygiene, integrate with CI/CD pipelines or centralized logging solutions that store diffs and rollback points."
How do I verify if a switch port is delivering PoE power correctly?,"To check PoE status on Cisco switches:
show power inline

This command shows power consumption per port, including:
- Admin state (auto or static)
- Power delivered (in mW)
- Device class (0–4)

If no power is being delivered, check if:
- The port is in a shutdown state
- The device exceeds PoE budget
- The cable is non-compliant or damaged

You can also enable PoE explicitly:
interface Gi0/1
 power inline auto

Aruba and Meraki switches provide similar info via their dashboards or 'show poe-status'."
What is the difference between CLI and GUI configuration in network switches?,"CLI (Command-Line Interface) provides direct control via text commands and is preferred for automation, scripting, and fine-grained control. GUI (Graphical User Interface), like Aruba Central or Meraki Dashboard, is more intuitive for visualizing topology and bulk policy management.

CLI is favored in:
- Advanced troubleshooting
- Precise interface-level configuration
- Environments requiring scripting (e.g., Ansible, Python)

GUI is favored in:
- Multi-site deployments
- Monitoring dashboards
- Policy-based configuration (e.g., templates)

Each has strengths; modern networks often combine both for efficiency and visibility."
What is LLDP and how is it useful in network troubleshooting?,"LLDP (Link Layer Discovery Protocol) is a vendor-neutral Layer 2 protocol used to advertise a device's identity, capabilities, and neighbors. Devices send periodic LLDP packets containing information like hostname, port ID, VLAN, and system description.

You can view LLDP neighbors on a Cisco device using:
show lldp neighbors
show lldp neighbors detail

LLDP is especially helpful when mapping cable connections, identifying mispatches in access ports, or verifying PoE device connections. Unlike CDP, LLDP works across multi-vendor environments and is often used by VoIP phones to auto-discover switch settings."
How do I configure link aggregation (LACP) on an Aruba switch?,"On Aruba switches (AOS-S or AOS-CX), LACP (Link Aggregation Control Protocol) allows bundling multiple interfaces into a single logical trunk for higher bandwidth and redundancy.

Example (AOS-S CLI):
trunk <port1>,<port2> trk1 lacp

This creates a dynamic trunk named trk1 from the specified ports. You must configure the same on the peer device. To assign VLANs:
vlan 10
 untagged trk1

Verify with show lacp and show trunk. Ensure both ends have matching speed, duplex, and mode settings to prevent link flapping or aggregation failure."
How can I track which client was using a specific IP address earlier on the network?,"To identify which client used a specific IP address historically, check the DHCP binding table on your DHCP server or switch:
show ip dhcp binding

If DHCP snooping is enabled, you can also query the DHCP snooping database:
show ip dhcp snooping binding

For cloud-managed networks like Meraki or Aruba Central, use the client search feature to retrieve MAC-IP history. This helps trace devices in case of policy violations or audit requirements."
What is IGMP snooping and when should it be enabled?,"IGMP snooping allows a Layer 2 switch to monitor Internet Group Management Protocol (IGMP) messages exchanged between clients and multicast routers. This prevents multicast traffic from being flooded to all ports.

To enable on a Cisco switch:
ip igmp snooping
ip igmp snooping vlan 10

It’s essential in environments like IPTV, conferencing, or surveillance systems. If no multicast router is present, an IGMP querier may need to be configured on the switch."
How does Dynamic ARP Inspection (DAI) work and why is it important?,"DAI protects against ARP spoofing by validating ARP packets on untrusted switch ports. It checks each ARP reply against the DHCP snooping binding table. If the packet doesn't match a known MAC-IP binding, it's dropped.

To enable on a Cisco switch:
ip arp inspection vlan 10
interface <uplink-port>
 ip arp inspection trust

DAI requires DHCP snooping to be active and accurate bindings to exist. It is vital in securing Layer 2 networks from man-in-the-middle attacks."
"How does QoS prioritize traffic on a switch, and what are typical use cases?","QoS (Quality of Service) allows a switch to prioritize traffic by classifying it based on type (e.g., voice, video, bulk data), marking it with DSCP or CoS values, and assigning it to queues.

For example:
mls qos
class-map match-any VOICE
 match dscp ef
policy-map QOS-POLICY
 class VOICE
  priority

Use cases include prioritizing VoIP, video conferencing, or critical application traffic. QoS helps avoid latency and jitter in congested networks."
How can I troubleshoot ACLs that are not working as expected?,"If an ACL isn't behaving as expected, check these:
1. Confirm the direction and interface.
2. Remember the implicit deny at the end.
3. Use hit counters: show access-lists
4. Add 'log' to rules to trace matching traffic.
5. Check for incorrect subnet masks or typos.

Also verify that the ACL is applied with the correct syntax:
interface GigabitEthernet0/1
 ip access-group 101 in

Extended ACLs offer more control by filtering based on protocol, ports, and IP pairs."
How do I update firmware on Aruba switches and what should I check first?,"To update firmware on Aruba AOS-S switches:
1. Check current version: show version
2. Copy firmware: copy tftp flash <TFTP-IP> <filename>
3. Set boot image: boot system flash <filename>
4. Save: write memory
5. Reboot: reload

Before upgrading, verify hardware compatibility, backup configuration, and read the release notes. In Aruba Central, upgrades can be scheduled with minimal disruption."
What is a MAC address table and how can it help in troubleshooting?,"A MAC address table maps MAC addresses to switch ports. It tells the switch where to forward Ethernet frames.

Command:
show mac address-table

Use it to verify if a device is connected and active. If no MAC is listed, the device may be offline. Multiple MACs on one port could indicate a loop or misconfigured trunk. Clear the table with clear mac address-table dynamic to force relearning."
How do I enable and interpret logging timestamps on a Cisco switch?,"To enable timestamps in logs:
service timestamps log datetime msec localtime show-timezone

This includes detailed time data in log entries. View logs with:
show logging

Accurate timestamps are vital for diagnosing time-sensitive issues. Ensure the switch clock is synced using clock set or NTP."
How do I configure remote logging on a Cisco switch?,"Remote logging allows syslog messages to be sent to a centralized syslog server for storage and analysis.

To configure:
logging host <syslog-server-ip>
logging trap informational
logging on

You can specify a source interface:
logging source-interface Vlan1

This ensures logs are sent with a consistent source IP. Use show logging to verify local logs and transmission status."
What is a routing loop and how can it be prevented?,"A routing loop occurs when packets circulate endlessly between routers due to incorrect or outdated routing information. Symptoms include high CPU, degraded performance, and dropped traffic.

Prevention techniques:
- TTL (Time To Live)
- Split horizon
- Poison reverse
- Route summarization

Modern protocols like OSPF and EIGRP have built-in loop prevention using link-state databases or feasibility checks."
How do I configure IPv6 DNS settings on a client interface?,"To configure IPv6 DNS on a Cisco interface:
interface Vlan10
 ipv6 address 2001:db8:10::1/64
 ipv6 nd other-config-flag
 ipv6 dhcp client dns-server 2001:4860:4860::8888

This allows clients to get DNS via DHCPv6 while using SLAAC or static addressing. In Linux, you can also set IPv6 DNS in /etc/resolv.conf."
What does the 'LAN IP down' alert mean in Meraki Dashboard?,"This alert indicates that the LAN uplink of a Meraki device is physically down or not receiving an IP address.

Common causes:
- Disconnected cable
- Powered-off upstream switch
- DHCP failure
- STP blocking
- Incorrect VLAN configuration

Check the event log, port LED, and run a live connectivity test from the dashboard."
How does root guard work in STP and when should it be used?,"Root guard prevents a port from becoming the root port in STP. If superior BPDUs are received, the port enters root-inconsistent state.

Enable with:
interface GigabitEthernet1/0/1
 spanning-tree guard root

Use on access ports where you want to prevent devices from influencing the root bridge election."
What is an SFP and how do I verify it's functioning properly?,"An SFP (Small Form-factor Pluggable) is a modular transceiver used in switch uplinks for fiber or copper connectivity.

Verify with:
show interfaces transceiver
show inventory

Check SFP presence, vendor ID, Tx/Rx power levels, and compatibility. Be aware that third-party SFPs may trigger warnings or be unsupported."
How do I configure port mirroring on an Aruba switch?,"Port mirroring copies traffic from one port to another for analysis.

AOS-S CLI:
mirror 1 port <source-port> both
interface <destination-port>
 monitor 1

AOS-CX:
monitor session 1
 source interface <source-port>
 destination interface <destination-port>

Use show monitor to verify status. Avoid mirroring high-throughput sources to low-speed ports."
What is multicast flooding and how can it be avoided?,"Multicast flooding occurs when multicast traffic is sent to all ports in a VLAN, often due to missing IGMP snooping.

To prevent:
- Enable IGMP snooping
- Ensure presence of an IGMP querier
- Filter unnecessary multicast groups

Cisco example:
ip igmp snooping
ip igmp snooping querier

This is important in video, voice, and wireless environments."
What is VLAN hopping and how can it be mitigated?,"VLAN hopping allows attackers to access traffic from other VLANs using double tagging or switch spoofing.

Mitigation:
- Set ports as access:
 switchport mode access
 switchport nonegotiate
- Use an unused VLAN for trunk native VLAN:
 switchport trunk native vlan 999
- Apply VLAN ACLs for stricter control."
How do I check interface statistics and what should I look for?,"Interface statistics help diagnose physical and traffic issues.

Use:
show interfaces <interface>
show interfaces counters errors

Look for:
- Input/output errors
- CRC errors
- Collisions
- Drops or overruns

Trends over time reveal congestion or hardware faults. CRC errors often indicate cabling problems."
How do I assign a static IP to a device using Meraki Dashboard?,"To assign a static IP in Meraki Dashboard, go to Clients > Client List, click on the device, and scroll to the 'Policy' section. Under the 'Addressing & VLANs' tab, reserve an IP address by binding it to the client’s MAC address. This ensures consistent addressing via DHCP without manual configuration on the device itself. Alternatively, under Security & SD-WAN > DHCP, you can configure DHCP reservations for clients on specific VLANs."
What’s the difference between a static route and a dynamic route in Cisco networking?,"A static route is manually configured and remains unchanged unless edited by an admin. Dynamic routes are learned via routing protocols like EIGRP or OSPF, allowing automatic adaptation to network changes. Static example: 'ip route 10.0.0.0 255.255.255.0 192.168.1.1'. Dynamic example: 'router eigrp 100 \n network 192.168.1.0'. Static routes offer simplicity and predictability; dynamic routing scales better and reacts to topology changes."
"In Aruba Central, how can I see which clients are connected to a specific AP?","Go to Monitoring > Access Points, select the AP, and open the 'Clients' tab. This displays connected clients with details such as signal strength, VLAN ID, IP address, connection type, and bandwidth usage. Client cards offer drill-down info including historical usage, roaming behavior, and connection quality. You can also launch real-time tools like ping or traceroute directly from the AP to diagnose issues."
What’s the difference between a public IP address and a private IP address?,"Private IPs (e.g., 192.168.x.x, 10.x.x.x) are used within LANs and require NAT to access the internet. Public IPs are globally routable and assigned by ISPs. Private IPs are not visible on the internet, which makes them secure for internal use. To access external networks, routers translate private IPs into public IPs using NAT or PAT. Tools like whatismyip.com show your public IP."
Can a firewall assign VLANs to devices? How is that configured?,"Firewalls don't assign VLANs directly to clients, but they process VLAN-tagged traffic via subinterfaces. On Cisco ASA, use:
'interface GigabitEthernet0/0.10 \n vlan 10 \n nameif INSIDE \n ip address 192.168.10.1 255.255.255.0'. This lets the firewall handle routing, NAT, and ACLs for VLAN 10. VLAN assignment itself is done on the access switch or via RADIUS/DHCP."
How do I configure EIGRP on a Cisco router?,"Enable IP routing first, then enter EIGRP config mode:
'router eigrp 100 \n network 10.0.0.0 \n no auto-summary'. This enables EIGRP under AS 100 and advertises the 10.0.0.0/8 network. Use 'show ip eigrp neighbors' to verify peer adjacencies and 'show ip route eigrp' to inspect learned routes. EIGRP supports unequal-cost load balancing and fast convergence."
How do I tell if a private IP was dynamically assigned or manually configured?,"Check on the client side:
- Windows: 'ipconfig /all' (look for 'DHCP Enabled')
- Linux: 'nmcli device show' or interface config files

On the DHCP server, inspect bindings using:
'show ip dhcp binding'. Dashboards like Meraki show 'DHCP' vs 'Static' assignment status under client details. If not present in the lease table, it's likely a static/manual IP."
How do I configure static routing in Meraki Dashboard?,"In Dashboard, go to Security & SD-WAN > Configure > Static Routing. Click 'Add a static route', and fill in:
- Name
- Subnet
- Next hop IP
- Availability condition (e.g., uplink status)

Static routes are useful for pointing to non-Meraki networks, internal backup links, or for lab environments with isolated subnets."
Why is my switch showing 0.0.0.0 as the gateway for some clients?,"This often means the client didn’t receive a proper DHCP lease. Possible causes:
- VLAN mismatch
- No DHCP relay
- Trunk port misconfig
- Static IP with no default gateway

Check client logs, switchport config, and DHCP status in your controller. Tools like 'show ip dhcp snooping binding' or Meraki’s client details tab help pinpoint the issue."
What is the difference between routing in Meraki and traditional Cisco CLI routing?,"Meraki uses a simplified, cloud-based UI to configure routing, while Cisco CLI offers manual control via IOS commands. In Meraki, you define VLANs and static routes through Dashboard menus. With Cisco CLI, you'd use 'ip route', 'router ospf', or 'interface vlan' commands. Meraki prioritizes ease of use and auto-configuration; traditional Cisco offers granular routing protocol control."
How do I configure a DHCP relay on a Layer 3 switch?,"To configure DHCP relay, go to the VLAN interface configuration on the switch and use the `ip helper-address` command to forward DHCP broadcasts to a remote server.

Example:
interface Vlan10
 ip helper-address 192.168.100.10

This setup is necessary when the DHCP server is on a different subnet than the client. The switch listens for DHCP requests and forwards them as unicast to the specified address. You can configure multiple helper addresses if redundancy is needed."
What happens if there's a VLAN mismatch between a switch and firewall?,"If the VLAN IDs on the switch port and the firewall subinterface don't match, traffic will be dropped even though the link may appear up. This often results in:
- Clients not getting IPs
- ARP timeouts
- One-way or broken communication

Ensure both the switch port and firewall subinterface are configured with the same VLAN ID and trunking settings. On a trunk port, verify allowed VLANs and native VLAN consistency."
How can I view and interpret the routing table on a Cisco router?,"Use `show ip route` to view the routing table. Each route is labeled with a code:
- C (Connected)
- S (Static)
- D (EIGRP)
- O (OSPF)

Example:
S 10.0.0.0/24 [1/0] via 192.168.1.1, Gig0/1

This indicates a static route to 10.0.0.0/24 via next hop 192.168.1.1. You can use `show ip route <IP>` to trace the path to a specific host."
Why do some devices show 169.254.x.x addresses and can't reach the internet?,"169.254.x.x is an APIPA (Automatic Private IP Address) assigned when a device fails to get a DHCP lease. These addresses are not routable and used for local link communication.

Common causes include:
- No DHCP server
- VLAN misconfiguration
- DHCP relay not set
- Client NIC issues

Check the switch port VLAN, DHCP scope, and ensure the client is in the right broadcast domain."
How does Meraki route traffic between different VLANs?,"Meraki routes inter-VLAN traffic through Layer 3 interfaces configured in the Dashboard. Each VLAN is assigned an IP address, which acts as the gateway for clients in that VLAN.

Go to Security & SD-WAN > Addressing & VLANs to configure VLANs. Traffic between VLANs is routed automatically, and you can use firewall rules to allow or block specific flows. This simplifies routing compared to traditional CLI-based configuration."
How do I know if a firewall is dropping traffic between VLANs?,"Look into the firewall logs for denied traffic between VLANs. In Meraki, go to Network-wide > Event Log and filter for denied traffic.

In Cisco ASA:
- `show access-list`
- `show log`

Also check:
- ACLs or rules between VLAN interfaces
- Inter-VLAN routing or NAT policies
- VLAN interface status. Firewalls often block inter-VLAN traffic by default unless explicitly allowed."
"What is the difference between NAT and PAT, and when is each used?","NAT translates one private IP to one public IP — typically used when mapping a server to the internet.
PAT (Port Address Translation) allows multiple devices to share a single public IP using unique source ports (also called NAT overload).

Use NAT when you want a one-to-one mapping; use PAT for typical outbound internet access. Example PAT command on Cisco:
`ip nat inside source list 1 interface GigabitEthernet0/1 overload`"
"Why is only one VLAN getting internet, while others don’t?","This typically occurs when:
- Only one VLAN is NATed properly on the firewall
- The others lack default gateways or firewall rules
- Trunk port doesn’t carry all VLANs

Verify:
- NAT/firewall rules for each VLAN
- DHCP and routing setup
- Trunk port allowed VLAN list
- That VLAN interfaces have correct IPs and are active."
A user reports poor wireless performance — where do I start troubleshooting in Meraki?,"Go to Wireless > Access Points in Meraki Dashboard. Click on the specific AP and review:
- Number of clients
- Signal strength (RSSI)
- Channel utilization
- Retry rate

Also use the 'Tools' tab to run pings and throughput tests. Check RF profile settings and ensure the AP isn’t overloaded or experiencing interference from neighboring APs."
What does 'routing convergence' mean in networking?,"Routing convergence is the process of all routers in a network updating their routing tables to reflect changes (e.g., link failure). During convergence, routes may be temporarily invalid, leading to packet loss or routing loops.

Fast convergence is crucial in dynamic protocols like EIGRP and OSPF. Tools like 'show ip ospf' and timers can help tune convergence speed."
How can I block specific IP ranges using a firewall?,"Most firewalls (e.g., Cisco ASA, Meraki, Palo Alto) allow blocking IP ranges via Layer 3 access rules. Define a rule with the source or destination subnet (e.g., 192.168.100.0/24), action set to deny, and apply it to the desired interface or zone.

Example on Cisco ASA:
access-list BLOCK extended deny ip 192.168.100.0 255.255.255.0 any
access-group BLOCK in interface inside

In Meraki, navigate to Security & SD-WAN > Firewall and add a Layer 3 outbound rule denying the subnet."
How do I set up a Meraki site-to-site VPN with another Meraki network?,"In Meraki Dashboard:
1. Go to Security & SD-WAN > Site-to-site VPN
2. Set mode to 'Hub' or 'Spoke' depending on topology
3. Define subnets to advertise and allow remote peer networks
4. Ensure both networks are in the same organization and have AutoVPN enabled
5. Use 'Organization > VPN Status' to monitor tunnels.

No manual key exchange is needed in AutoVPN; Meraki handles that automatically."
Why is a device showing an IP conflict warning?,"An IP conflict occurs when two devices share the same IP. This may be caused by:
- Static IPs overlapping with DHCP pools
- MAC spoofing or cloning
- Multiple DHCP servers

Check DHCP lease table, and use 'arp -a' or 'show ip dhcp conflict' on switches/routers. In Meraki, IP conflicts are flagged under client details. Fix by assigning unique IPs or removing overlapping scopes."
How does AP roaming work between multiple Meraki access points?,"Roaming is client-driven. Devices choose when to roam based on signal strength, SNR, and mobility threshold. Meraki enhances this by supporting:
- 802.11r (fast roaming)
- Client balancing
- Band steering

Roaming can be observed under Wireless > Access Points > Client Timeline. Ensure overlapping coverage and same SSID across APs."
What’s the CLI command to see VLANs on a Cisco switch?,"To see VLANs:
- 'show vlan brief' shows active VLANs and assigned ports
- 'show interfaces trunk' shows VLANs allowed on trunk ports
- 'show ip interface brief' shows interface status

Use these commands to ensure VLANs are correctly configured and propagated across your network."
Why is my VLAN interface (SVI) showing “down” even though ports are active?,"An SVI (Switched Virtual Interface) will remain down if no port in that VLAN is operational. To bring it up:
- Ensure at least one access port in the VLAN is 'up/up'
- Verify VLAN exists and is not administratively shut down
- Use 'show vlan' and 'show interfaces status' to troubleshoot. For trunk ports, make sure the VLAN is allowed."
How do I create an ACL in Aruba GUI to block internet access for a specific VLAN?,"In Aruba Central:
1. Go to Security > Access Control Lists
2. Create a session ACL
3. Add a rule denying destination: any
4. Attach the ACL to the VLAN under Networks > VLANs.

This blocks all outbound traffic from that VLAN. To allow local access (e.g., DNS or gateway), insert 'allow' rules above the 'deny all' rule."
Can I use NAT instead of routing to connect two VLANs?,"No — VLANs are separate Layer 2 segments that require Layer 3 routing to communicate. NAT modifies IPs for external access; it doesn't bridge VLANs.

Use SVIs on a Layer 3 switch or firewall subinterfaces to route between VLANs. NAT is used to map internal IPs to public IPs for internet-bound traffic."
What does it mean if a client is stuck in Layer 2 in Meraki?,"It means the client has connected at the MAC/link layer but failed to get a Layer 3 IP address. Causes:
- No DHCP response
- VLAN mismatch
- DHCP scope exhausted

Meraki Dashboard shows this status under Client Details. Resolve by checking switch port config, DHCP scope, and client NIC."
How can I tell if a VLAN is correctly propagating across all switches?,"On Cisco, use:
- 'show vlan brief'
- 'show interfaces trunk'
- 'show cdp neighbors detail'

Check that VLAN exists and is allowed on trunks. On Aruba, use 'show vlan' and 'show trunk'. VLAN mismatches or pruning may prevent propagation. Topology views in dashboard interfaces (Meraki/Aruba Central) can help visualize spanning and VLAN continuity."
What could cause a Meraki MX to fail to advertise a subnet in AutoVPN?,"Meraki MX may fail to advertise a subnet in AutoVPN if:
- The VLAN is not enabled or assigned to the MX
- The subnet is not included in the Site-to-site VPN settings
- The MX is not in 'Hub' or properly linked as a 'Spoke'
- There are IP conflicts or overlapping subnets
- The appliance is offline or misconfigured

Go to Security & SD-WAN > Site-to-site VPN, ensure the desired VLAN is selected under 'Local Networks', and that the device is in the correct VPN topology. Verify advertised routes in Organization > VPN Status."
"How do you interpret 'DHCP starvation attack' in a network, and how to mitigate it?","A DHCP starvation attack floods the DHCP server with requests using spoofed MAC addresses, exhausting its IP pool and denying real clients service.

Symptoms include:
- Clients getting no IP
- All IPs being leased to unknown devices

Mitigations:
- Enable DHCP snooping
- Set lease limits per port
- Use port security to restrict MACs
- On Cisco: 'ip dhcp snooping' and 'ip dhcp snooping limit rate 10'

Meraki does not allow CLI mitigation but flags suspicious DHCP behavior in Event Logs."
"What is the purpose of native VLAN, and what happens if native VLANs mismatch between two devices?","The native VLAN is used for untagged traffic on trunk ports. By default, VLAN 1 is the native VLAN on Cisco.

If there's a mismatch:
- One device expects traffic untagged for VLAN X
- The other interprets it as VLAN Y

This can cause misrouted traffic, broadcast storms, or security issues. On Cisco, use 'show interfaces trunk' to check. Best practice is to use an unused VLAN (e.g., VLAN 999) as native and filter it with ACLs."
What is the difference between intra-VLAN and inter-VLAN routing?,"- Intra-VLAN routing refers to communication within the same VLAN/subnet using Layer 2 switching.
- Inter-VLAN routing allows traffic between different VLANs/subnets using Layer 3 routing.

Inter-VLAN routing can be done via:
- SVIs on Layer 3 switches
- Router-on-a-stick
- Firewalls with subinterfaces

Each VLAN requires a gateway (e.g., 192.168.10.1). ACLs or firewall rules can filter inter-VLAN traffic."
How does Aruba Central handle bandwidth limits per SSID or user?,"In Aruba Central:
- Navigate to Network > Wireless SSID > Traffic Shaping
- Set upstream/downstream limits per SSID or per-client

You can also assign bandwidth profiles via roles or VLAN-based policies. This is useful in guest networks to prevent abuse. Analytics dashboards display bandwidth usage by user or application."
What are the benefits and drawbacks of dynamic NAT vs static NAT on a firewall?,"- Static NAT maps one internal IP to one external IP; good for servers
- Dynamic NAT uses a pool of external IPs for multiple clients

**Pros:**
- Static NAT: Predictable, consistent IPs for services
- Dynamic NAT: Efficient use of public IPs

**Cons:**
- Static NAT: Consumes more public IPs
- Dynamic NAT: Can lead to failures under IP exhaustion

PAT (Port Address Translation) is often preferred for outbound traffic to conserve IPs."
What is the function of the command ‘ip nat inside source list 1 interface G0/1 overload’?,"This command enables PAT on a Cisco router:
- 'list 1' matches internal IPs via an ACL
- 'interface G0/1' specifies the NAT outside interface
- 'overload' allows multiple clients to share one public IP using ports

Example:
access-list 1 permit 192.168.0.0 0.0.0.255
ip nat inside source list 1 interface G0/1 overload"
Why is a trunk port necessary when connecting switches together?,"Trunk ports carry traffic from multiple VLANs using 802.1Q tagging. Access ports only carry one VLAN.

When switches are connected, trunking ensures VLANs are extended end-to-end.

Commands:
switchport mode trunk
switchport trunk allowed vlan 10,20

Mismatched trunk config leads to VLAN propagation issues or broadcast isolation."
What could cause a client to randomly disconnect from a Meraki wireless network?,"Causes may include:
- Weak signal
- AP load balancing or 802.11r handoff bugs
- DHCP lease expiration
- Interference from nearby APs

Use Wireless > Clients > Timeline and Wireless Health to check logs. Optimize RF profiles and ensure client support for roaming standards."
"How does EIGRP select the best path, and what is the role of feasible successor?","EIGRP uses bandwidth and delay to calculate metrics. The path with the lowest metric becomes the **successor**.

A **feasible successor** is a backup path that meets the feasibility condition:
Reported distance < Feasible distance of current route.

This ensures loop-free redundancy. Use 'show ip eigrp topology' to list successors and backups."
What’s the difference between DHCP snooping and IP source guard?,"DHCP snooping and IP Source Guard are Layer 2 security features used together to prevent spoofing and unauthorized network access.

- **DHCP Snooping** monitors DHCP traffic and builds a binding table containing legitimate MAC-IP-Port-VLAN mappings by allowing DHCP replies only from trusted ports.
- **IP Source Guard** uses this binding table to restrict traffic on untrusted ports, blocking packets with mismatched IP or MAC addresses.

Example (Cisco):
interface Gig0/1
 ip dhcp snooping trust
 ip verify source

Together, they mitigate spoofing, man-in-the-middle, and rogue DHCP attacks in access-layer switches."
How does Meraki handle failover between WAN1 and WAN2?,"Meraki MX uses health-based routing to manage failover between WAN1 and WAN2. It performs continuous performance monitoring using ICMP, DNS, and HTTP probes to designated targets.

- If WAN1 degrades (high latency/loss) or fails, Meraki fails over traffic to WAN2.
- You can configure custom Performance Classes for different traffic types (e.g., VoIP) in **Security & SD-WAN > SD-WAN & Traffic Shaping**.
- Uplink selection rules allow per-application failover decisions.

Failover typically takes less than 30 seconds and is logged in the Event Logs. Meraki resumes WAN1 automatically once it becomes healthy again."
"What causes 'duplicate ACKs' in packet captures, and are they always bad?","Duplicate ACKs in TCP indicate out-of-order packets or potential loss. When three or more duplicate ACKs are seen, TCP Fast Retransmit is triggered to resend missing segments.

They are not always problematic:
- A few duplicates are expected during congestion or roaming
- Excessive duplicates indicate packet loss, jitter, or asymmetric routing

Analyze with tools like Wireshark by tracking TCP streams. In wireless setups, they may be caused by interference or signal fluctuations. In Meraki, use Wireless Health and per-client diagnostics to correlate with roaming or AP load balancing issues."
How do you configure a trunk port on an Aruba switch?,"In ArubaOS (CX or legacy), trunk ports allow multiple VLANs to traverse a single uplink between switches or from switch to firewall/access point.

Configuration example:
interface 1/1/1
 vlan trunk native 1
 vlan trunk allowed 10,20,30

- 'trunk native' sets which VLAN is untagged
- 'trunk allowed' specifies tagged VLANs

Use 'show vlan port 1/1/1' to verify trunking. Ensure both sides of the link agree on allowed VLANs and tagging conventions to avoid traffic drops or mismatches."
What are the limitations of static routing in large networks?,"Static routing is simple but does not scale in complex or growing networks.

Limitations include:
- Manual reconfiguration for every topology change or failure
- No automatic path redundancy or convergence
- Increased administrative overhead and risk of misconfiguration

In larger topologies, dynamic protocols (EIGRP, OSPF, BGP) offer automatic discovery, failover, and loop prevention. Static routes are still useful in small or edge environments for route control or stub networks."
"How does VLAN pruning work in Cisco switches, and why use it?","VLAN pruning prevents unnecessary VLANs from being propagated across trunk links, reducing broadcast traffic and enhancing performance and security.

**Manual pruning:**
switchport trunk allowed vlan 10,20,30

**Dynamic pruning (with VTP):**
vtp pruning

When enabled, Cisco switches prune VLANs that are not active on downstream ports. This avoids flooding irrelevant traffic and reduces CPU load on switches. Always validate with 'show interfaces trunk'."
How does Meraki handle rogue AP detection and mitigation?,"Meraki continuously scans the air for unauthorized APs using its built-in WIPS (Wireless Intrusion Prevention System). It detects:
- SSID spoofing
- MAC cloning
- Unauthorized APs connected to the wired LAN

In **Wireless > Air Marshal**, you can:
- Classify rogue devices as friendly or malicious
- Enable containment, which sends deauth frames to clients trying to connect to rogues

Note: Containment should be used cautiously, as it may impact nearby legitimate networks and is restricted in some regulatory domains."
What is asymmetric routing and why is it problematic in firewalled environments?,"Asymmetric routing occurs when outbound and return traffic follow different paths across the network.

In a firewall scenario:
- The firewall sees outbound packets on Interface A
- The return packet arrives on Interface B
- The firewall drops the packet as it doesn’t match an established connection

This breaks stateful inspection and can cause intermittent drops. Solutions include:
- Using symmetric routing
- Adjusting firewall rules for stateless inspection
- Configuring tracking-based routing policies or session-aware firewalls"
Why are Layer 3 switches preferred over routers in modern campus networks?,"Layer 3 switches offer high-performance routing and switching in one device.

**Advantages over routers:**
- Hardware-based packet forwarding at line rate
- Lower latency for inter-VLAN routing
- Support for dynamic routing protocols, ACLs, QoS

They simplify LAN design by removing the need for separate routers at distribution/core layers. Routers are still used at WAN edges for advanced NAT, VPN, and traffic shaping."
How can I view port utilization statistics on an Aruba switch?,"Use the following CLI command for per-port stats:
`show interfaces <port> counters`

It displays:
- Packets and bytes in/out
- Errors (CRC, collisions, discards)
- Utilization percentage

For all ports:
`show interfaces brief`

In Aruba Central:
Navigate to Monitoring > Switches > Interface Stats to graph usage, export CSV reports, and set thresholds for alerting. This is useful for tracking congestion or faulty links."
